address,bbl,compliance_2024,compliance_2030,carbon_limit_2024_tCO2e,carbon_limit_2030_tCO2e,penalty_2026_dollars,penalty_2030_dollars,total_carbon_emissions_tCO2e
"17 State Street, New York, NY, 10004",1000090014,Yes,Yes,4885.3588,1820.455929,0.0,0.0,2217.876852
"24 State Street, New York, NY, 10004",1000090029,Yes,No,6542.22627,2274.745259,0.0,225731.1538,4658.729062
"33 Whitehall St, New York, NY 10004",1000100014,Yes,No,2469.096,976.66464,0.0,232748.16301159584,1845.1279348193875
"1 Whitehall Street, New York, NY, 10004",1000100023,Yes,No,2440.71452,863.2132079,0.0,3876.419057,1231.245343
"1 Broadway, New York, NY, 10004",1000130001,Yes,Yes,1796.19698,648.307539,0.0,0.0,809.3727212
"11 Broadway, Manhattan, NY, 10004",1000130005,Yes,Yes,3291.3876,1168.421755,0.0,0.0,1428.056747
"25 Broadway, New York, NY 10004",1000130027,No,No,5463.45675,2161.1006700000003,56250.71704995565,941282.1464899556,5673.347485261029
"200 W St, New York, NY 10282",1000160260,Yes,No,14565.5685,5761.49154,0.0,2019164.9883927477,13295.689257883389
"39 Broadway, New York, NY, 10006",1000200004,Yes,Yes,3391.61036,1204.000201,0.0,0.0,1680.517791
"45 Broadway, New York, NY, 10006",1000200009,Yes,Yes,2992.30354,1062.248808,0.0,0.0,1701.027664
"55 Broadway, New York, NY, 10006",1000200016,Yes,No,2707.30188,970.2281522,0.0,160972.0626464,1570.870177
"61 Broadway, New York, NY, 10006",1000210001,Yes,Yes,5453.11923,1965.139429,0.0,0.0,1962.281038
"65 broadway, new york, NY, 10006",1000210004,Yes,No,2540.69472,901.9305368,0.0,176696.5724,2535.948054
"26 Broadway, New York, NY, 10004",1000220013,Yes,No,6525.53862,2316.524887,0.0,815739.7858279998,5360.330058
"32 Broadway, New York, NY, 10006",1000220017,Yes,No,1102.84452,391.5028209,0.0,139649.8091164,912.5841982
"42 Broadway, New York, NY, 10006",1000220020,Yes,No,3071.74952,1090.451628,0.0,136015.670344,1597.972786
"50 Broadway, New York, NY, 10004",1000220024,Yes,No,2279.12408,426.0669123,0.0,86258.4158408,747.9266729
"52 Broadway, New York, NY, 10004",1000220028,Yes,No,2619.1932,489.6405462,0.0,45430.72799,1296.381695
"60 Broad Street, New York, NY, 10004",1000240001,Yes,No,8127.37454,2885.166495,0.0,41816.40708,4532.583032
"30 Broad St, New York, NY 10004",1000240029,Yes,No,2497.5,987.9,0.0,59616.21259075606,1210.3485544431196
"55 Broad St, New York, NY 10004",1000250001,Yes,No,2740.66875,1084.08675,0.0,239564.64701065535,1977.9846866069229
"1 William St, New York, NY 10004",1000290036,Yes,No,708.75,280.35,0.0,46375.49635773898,453.39289685723503
"75 Broad Street, New York, NY, 10004",1000290070,Yes,No,5773.4358,2416.663826,0.0,514626.6971600001,4336.912696
"44 Beaver St, New York, NY 10004",1000290073,Yes,No,658.773,260.58132,0.0,72662.72013175474,531.7108727304282
"77 Water Street, New York, NY, 10005",1000330001,Yes,No,4145.36556,1471.578523,0.0,104748.481,2540.698578
"80 Pine Street, New York, NY, 10005",1000390012,Yes,Yes,8236.74398,2902.972598,0.0,0.0,3742.974381
"60 WALL STREET, NEW YORK, NY, 10005-2836",1000400003,Yes,Yes,14106.8182,5384.365635,0.0,0.0,1287.720484
"48 Wall Street, New York, NY, 10004",1000400014,Yes,No,2379.49844,844.7068781,0.0,2604.130429,1439.01006
"80 Maiden Lane, New York, NY, 10038",1000420031,Yes,No,4062.6959,1439.919799,0.0,40164.31633599997,1589.786651
"44 Wall Street, New York, NY, 10005",1000430001,Yes,Yes,2190.99142,777.7880797,0.0,0.0,953.1257918
"2 Wall St, New York, NY 10005",1000460001,Yes,No,1168.82325,462.33453,0.0,70760.20942928991,726.365162198843
"14 Wall Street, New York, NY, 10005",1000460009,Yes,No,8352.30601,2970.638543,0.0,448824.664,6442.586063
"140 Broadway, New York, NY, 10005",1000480001,Yes,Yes,9766.39954,3515.336482,0.0,0.0,4539.190618
"111 Broadway, New York, NY, 10006",1000490002,Yes,Yes,3411.0,1210.8834,0.0,0.0,1783.142928
"115  Broadway, New York, NY, 10006",1000500001,Yes,Yes,3035.246,1078.760856,0.0,0.0,1716.553505
68 TRINITY PLACE,1000510007,Yes,No,1897.56675,750.59307,0.0,94540.10924077852,1103.354671644696
"150 Broadway, New York, NY, 10038",1000640012,Yes,Yes,2158.47476,734.1237852,0.0,0.0,747.8973065
"160 Broadway, Manhattan, NY, 10038",1000640015,Yes,No,1137.0,403.6278,0.0,38725.73167,764.0531424
"15 Maiden Lane, New York, NY, 10038",1000650007,Yes,Yes,1064.95402,381.5672029,0.0,0.0,388.2111867
"19 Liberty St, New York, NY 10038",1000660001,No,No,4320.0,1708.8,443012.4092966739,1142814.0092966738,5973.031377972664
"59 Maiden Lane, Manhattan, NY, 10038",1000670001,Yes,No,8133.34,2887.284196,0.0,873193.146644,6145.467579
"75 Maiden Lane, New York, NY, 10038",1000680011,Yes,Yes,1128.63998,400.3518434,0.0,0.0,510.5818997
"111 John Street, Manhattan, NY, 10038",1000750030,Yes,Yes,2244.25608,796.6966968,0.0,0.0,851.6140718
"110 William Street, New York, NY, 10038",1000770008,Yes,No,5915.46666,2111.160083,0.0,131301.96681599994,2601.092795
"217 Broadway, New York, NY 10007",1000880001,Yes,No,899.0865,355.63866,0.0,60279.74587224959,580.5630848964537
"30 Vesey Street, New York, NY, 10007",1000880010,Yes,No,545.44922,193.6310191,0.0,5833.325496,324.1778777
"225 Broadway, Manhattan, NY, 10007",1000880018,Yes,No,3644.69898,1293.845058,0.0,53169.77169,2024.209939
"116 Nassau St, New York, NY 10038",1000920024,Yes,Yes,736.91775,291.49191,0.0,0.0,210.35212215166743
"100 Gold St, New York, NY 10038",1000940025,Yes,No,4426.48125,1750.91925,0.0,383646.488899153,3182.435999623706
"1 Police Plaza, New York, NY 10038",1001190001,No,No,6753.4965,2671.38306,85952.1632113081,1179958.565131308,7074.213526907866
"1 Centre St, New York, NY 10013",1001210001,Yes,Yes,7132.05,2821.122,0.0,0.0,2727.982859449972
"52 Chambers St, New York, NY 10007",1001220001,Yes,No,972.108,384.52272,0.0,97108.42392022903,746.867585373989
"11 Park Pl, New York, NY 10128",1001240004,Yes,No,1383.75,547.35,0.0,29021.013258735853,655.6373629057308
"255 Greenwich Street, New York, NY, 10007",1001270018,Yes,No,4224.57374,1287.88345,0.0,256279.67258,2244.150885
"71 Thomas St, New York, NY 10013",1001480010,Yes,No,680.0625,269.0025,0.0,9917.971325904577,306.0098556936738
"280 Broadway, New York, NY, 10007",1001530001,Yes,No,1834.82996,651.3530168,0.0,53748.68500639999,851.9078116
"23 Chambers St, New York, NY 10007",1001530024,Yes,Yes,1551.312,613.63008,0.0,0.0,577.0736518463275
"14 Reade St, New York, NY 10007",1001540023,Yes,No,484.191,191.52444,0.0,51720.36756085388,384.5108861225891
"2 Lafayette St, New York, NY 10007",1001550001,Yes,No,2390.64075,945.63123,0.0,182182.00144543167,1625.414817482954
"52 Duane Street, Manhattan, NY, 10007",1001550003,Yes,No,798.45579,289.6162579,0.0,27209.187009599995,391.1430751
"75 Centre St, New York, NY 10013",1001680032,Yes,No,2382.75,942.51,0.0,148541.01596100416,1496.7675222425528
"60 Walker St, New York, NY 10013",1001940042,Yes,Yes,1553.43825,614.47113,0.0,0.0,385.81585670555654
"408 Broadway, New York, NY, 10013",1001960005,Yes,Yes,426.0718,145.3891709,0.0,0.0,128.4796258
"200 Hudson St, New York, NY 10013",1002210030,Yes,Yes,2216.80125,876.86805,0.0,0.0,849.1436651179522
"451 Broadway, New York, NY 10013",1002310035,Yes,Yes,507.6,271.8,0.0,0.0,0.588643
"434 Broadway, New York, NY 10013",1002320001,Yes,No,351.43874999999997,139.01355,0.0,429.07425633356934,140.61457334452825
"462 Broadway, New York, NY 10013",1004730001,Yes,No,952.0875,376.6035,0.0,27664.48639620559,479.8291955082298
"483 Broadway, New York, NY 10013",1004740030,Yes,Yes,386.80875,153.00435000000002,0.0,0.0,148.1670404164323
"72-78 Spring Street, New York, NY, 10012",1004820016,Yes,Yes,949.016,333.845588,0.0,0.0,502.4264964
"134 Spring Street, New York, NY, 10012",1004860011,Yes,No,500.06776,165.5120385,0.0,8070.953202,276.9148007
"71 Spring St, New York, NY, 10012",1004960036,Yes,Yes,427.0572,145.9735265,0.0,0.0,241.5828483
"75 Spring Street, New York, NY, 10012",1004960040,Yes,Yes,415.384,144.1750624,0.0,0.0,95.1476773
"530-536 Broadway, New York, NY, 10012",1004970001,Yes,Yes,1288.47114,449.5629537,0.0,0.0,383.9142197
"557 Broadway, New York, NY 10012",1004980009,Yes,No,759.375,300.375,0.0,104906.90234546734,691.8186654681617
"549 Broadway, New York, NY 10012",1004980011,Yes,No,1643.2335,649.99014,0.0,34330.33672981865,778.0884113799203
"110 Greene Street, New York, NY, 10012",1004990007,Yes,Yes,1134.44558,439.9501097,0.0,0.0,400.7947172
"120 Wooster Street, Manhattan, NY, 10012",1005000011,Yes,Yes,398.14708,135.4760722,0.0,0.0,229.5736535
"130 Prince Street, New York, NY, 10012",1005010015,Yes,No,488.25812,172.1253259,0.0,13775.25027,374.4435126
"233 Spring Street, New York, NY, 10013",1005050036,No,No,1932.9,686.16726,228964.4036,258108.6702,2787.24479
"270 Lafayette Street, New York, NY, 10022",1005100001,Yes,Yes,1288.30438,452.0186616,0.0,0.0,392.5408134
"300 Lafayette Street, New York, NY, 10012",1005100038,Yes,No,511.38606,192.1931574,0.0,9309.923259,353.8265212
"568 Broadway, New York, NY, 10012",1005110001,Yes,No,2610.75542,925.5756913,0.0,92670.69417,1904.65014
"580 Broadway, New York, NY, 10012",1005110006,Yes,Yes,1079.47062,471.7266194,0.0,0.0,505.7597892
"584 Broadway, New York, NY 10012",1005110008,Yes,Yes,1720.0485,680.37474,0.0,0.0,539.9985717908078
"592 Broadway, New York, NY 10012",1005110012,Yes,No,1564.92,619.0128,0.0,3981.056444602674,633.8674882261294
"591 Broadway, New York, NY 10012",1005120015,Yes,Yes,422.118,166.97112,0.0,0.0,71.65317480485793
"610 Broadway, New York, NY 10012",1005220001,Yes,No,824.85,326.274,0.0,69402.05659543912,585.2368977441758
"625 Broadway, New York, NY 10012",1005230046,Yes,No,532.9665,210.81786,0.0,66382.6437930994,458.51429206380374
"670 Broadway, New York, NY, 10012",1005300001,No,No,507.1399,180.0314531,52381.45853,60698.95504,702.5931035
"383 Lafayette Street, New York, NY, 10003",1005310020,Yes,Yes,515.16712,182.8810653,0.0,0.0,192.9909637
"661 Broadway, New York, NY, 10012",1005320015,Yes,Yes,1277.66391,463.1578325,0.0,0.0,594.9431301
"409 Lafayette St, New York, NY 10003",1005440008,Yes,Yes,654.885,259.0434,0.0,0.0,250.85325921757547
"708 Broadway, New York, NY 10003",1005450006,Yes,No,858.21525,339.47181,0.0,47752.96558349945,517.6545174011173
"726 Broadway, New York, NY, 10003",1005450015,Yes,No,3444.73857,732.8351492,0.0,351387.9572,3064.553463
"400 Lafayette St, New York, NY 10003",1005450053,Yes,Yes,628.074,248.43816,0.0,0.0,220.840930385317
"19 W 4Th St, New York, NY 10012",1005460021,Yes,No,679.239,268.67676,0.0,240.0376930051318,269.57242303360124
"21 W 4th St, New York, NY 10012",1005460026,Yes,Yes,382.617,151.34628,0.0,0.0,83.66905093624997
"13 University Pl, New York, NY 10003",1005480009,No,No,372.762,147.44808,14404.44643883776,74788.57699883776,426.5099344732752
"770 Broadway, New York, NY, 10003",1005540001,Yes,No,10070.71745,3390.669984,0.0,49438.09452,5729.287549
"120 E 14th St., New York, NY, 10003",1005590016,Yes,No,1779.10564,639.0743362,0.0,23371.24562,1281.952505
"83 University Pl, New York, NY 10003",1005630001,Yes,No,1485.0,587.4,0.0,105440.27586115403,980.8338651535598
"817 Broadway, New York, NY, 10003",1005630031,Yes,Yes,871.7,309.44798,0.0,0.0,615.6547219
"57 E 11th St, New York, NY, 10003",1005630046,Yes,Yes,436.4943,151.9194618,0.0,0.0,126.8694557
"113 University Pl, New York, NY 10003",1005640007,Yes,Yes,488.47194,261.55767,0.0,0.0,0.56646
"841 - 853 Broadway, New York, NY, 10003",1005650015,Yes,No,2076.26219,739.5269727,0.0,28279.70222,1362.620778
"60 Fifth Avenue, New York, NY, 10011",1005760046,Yes,No,1194.80298,254.1828944,0.0,43250.9486,672.0203043
"34 W 14th St, New York, NY 10011",1005770019,Yes,Yes,1282.03686,686.48073,0.0,0.0,152.016597
"8-12 West 14th St, New York, NY, 10011",1005770034,Yes,Yes,909.7895,322.9695113,0.0,0.0,217.2460067
"250 Hudson Street, New York, NY, 10013",1005780047,Yes,Yes,2452.888,870.7597072,0.0,0.0,1129.464021
"225 Varick St, New York, NY 10014",1005810063,Yes,No,2022.246,799.9106400000001,0.0,163708.34672393568,1410.7626800146854
"515 Greenwich St, New York, NY 10013",1005970001,Yes,No,402.40125,159.17205,0.0,6800.209463889215,184.5459659100344
"315 Hudson St, New York, NY, 10013",1005970012,Yes,No,3185.66176,1130.889752,0.0,104100.49048799997,1519.324418
"333 Hudson Street, New York, NY, 10013",1005970055,No,No,720.7064,255.8462082,5166.355585,84325.99803,739.9838462
"325 Hudson Street, New York, NY, 10013",1005970062,Yes,Yes,2016.54044,929.6645093,0.0,0.0,1601.176499
"375 Hudson St, New York, NY 10014",1005990064,Yes,Yes,7264.107,2873.35788,0.0,0.0,2687.653842679679
"609 Greenwich Street, New York, NY, 10014",1006010047,No,No,894.44,317.520536,125228.5929,111360.1194,1361.710869
"435 Hudson St, New York, NY 10014",1006020068,Yes,No,1655.9775,655.0311,0.0,169068.07460680933,1285.8821246522737
"154 W 14th St, New York, NY 10011",1006090007,Yes,Yes,945.297,373.91748,0.0,0.0,223.3672904766058
"416 W 13th St, New York, NY 10014",1006450029,Yes,No,972.0,384.48,0.0,54989.5169991811,589.6647649223175
"40 10th Avenue, New York, NY, 10014",1006460001,No,No,849.95298,301.7279256,158087.62077599997,305011.9353552,1439.832162
"860 Washington St, New York, NY, 10014",1006460019,No,No,842.37298,299.0370736,7956.352431,57257.04865,872.0608622
"875 Washington Street, New York, NY, 10014",1006460027,Yes,No,406.72764,144.3857366,0.0,7391.094249,342.6978648
"601 West 26 St, New York, NY, 10001",1006720001,Yes,No,16507.73096,6238.295333,0.0,257088.3004,11908.49341
"536 W 26th St, New York, NY 10001",1006970056,Yes,Yes,1218.90834,652.67787,0.0,0.0,107.851619
"260 11th Ave, New York, NY, 10001",1006980001,Yes,No,742.03236,153.8388108,0.0,125733.756008,622.9946168
"401 West 14th Street, New York, NY, 10014",1007120029,Yes,No,471.46842,152.0601508,0.0,22789.68724,451.9969692
"75 9 Ave, New York, NY 10011",1007130001,No,No,7428.59775,2938.42311,630866.9174174693,1834233.7209374693,9782.57878513981
"450 West 31st Street, New York, NY, 10001",1007280060,Yes,No,850.06668,158.9142464,0.0,7839.128241,326.4078056
"460-478 West 34th Street, New York, NY, 10001",1007310001,Yes,No,4179.41982,1537.379792,0.0,6232.312985,2390.59199
"111 8 Ave, New York, NY 10011",1007390001,No,No,14593.4595,5772.52398,8027306.451646518,10391317.171006516,44546.09551360641
"330 W 34th St, New York, NY, 10001",1007570054,Yes,Yes,5785.54148,2197.636987,0.0,0.0,1930.633302
"440 9th Ave, New York, NY, 10001",1007580082,Yes,No,2915.3438,1034.928588,0.0,16032.9356,1861.922873
"315 W 35th St, New York, NY 10001",1007590031,Yes,Yes,529.86672,283.72296,0.0,0.0,0.614464
"519 8th Avenue, New York, NY, 10018",1007590045,Yes,Yes,2503.60578,888.7641979,0.0,0.0,1207.904718
"347 West 36th Street, New York, NY, 10018",1007600012,Yes,No,746.28132,264.9251428,0.0,5947.310253,354.2157036
"307 W 36th St, New York, NY 10018",1007600032,Yes,Yes,1569.0915,620.66286,0.0,0.0,586.0803066588238
"320 West 37th St, New York, NY, 10018",1007600055,Yes,Yes,832.9283,295.684272,0.0,0.0,247.0918974
"545 8th Avenue, New York, NY, 10018",1007610033,Yes,No,1285.53768,453.3567351,0.0,38713.84971,768.3548874
"575 8 Ave, New York, NY 10018",1007620033,Yes,No,1514.7,599.148,0.0,86123.93841064235,920.505979144188
"318 W 39th St, New York, NY 10018",1007620050,Yes,Yes,1056.429,417.87636,0.0,0.0,352.87632283620576
"315 W 39th St, New York, NY 10018",1007630024,Yes,Yes,895.617,354.26628,0.0,0.0,325.17792395228724
"314 W 40th St, New York, NY 10018",1007630049,Yes,Yes,575.7876,308.3118,0.0,0.0,0.667717
"230 W 17th St, New York, NY 10011",1007660061,Yes,No,358.884,141.95856,0.0,8876.620012870422,175.08027646593442
"226 W 26th St, New York, NY 10001",1007750058,Yes,Yes,878.76558,470.54469,0.0,0.0,0.748131
"236 West 27th Street, New York, NY, 10001",1007760059,Yes,No,711.34544,251.7881084,0.0,22440.25124,450.9010806
"229 West 28th Street, New York, NY, 10001",1007780020,Yes,Yes,1186.27,421.118338,0.0,0.0,508.3124726
"322-326 7Th Ave, New York, NY 10001",1007780036,Yes,No,591.435,233.9454,0.0,51392.101242428354,425.7069718001058
"330 7 Ave, New York, NY 10001",1007780043,Yes,No,1465.317,579.61428,0.0,19075.484563978323,650.7914612088744
"245 West 29th Street, New York, NY, 10001",1007790013,Yes,No,826.3232,292.7724109,0.0,24356.30179,475.331914
"231 W 29th St, New York, NY 10001",1007790017,Yes,Yes,974.18025,385.34241,0.0,0.0,373.15868752024073
"352 7th Avenue, New York, NY, 10001",1007790041,Yes,No,917.21032,325.6038554,0.0,113544.1683,914.5711917
"224 West 30th Street, Manhattan, NY, 10001",1007790057,Yes,Yes,1118.23192,384.0389002,0.0,0.0,248.4518224
"400 8th Ave, New York, NY, 10001",1007790075,Yes,No,575.14008,204.1710864,0.0,41651.06217479999,359.5854975
"251 West 30th Street, New York, NY, 10001",1007800010,Yes,No,789.82842,280.3840875,0.0,70017.79030879999,541.6444991
"247 West 30th Street, New York, NY, 10001",1007800013,Yes,No,489.8575,173.8963105,0.0,5811.408386,263.9282852
"370 Seventh Avenue, New York, NY, 10001",1007800036,Yes,Yes,3240.81324,1215.969795,0.0,0.0,1872.059272
"254 W 31st St, New York, NY 10001",1007800071,Yes,No,445.34475,176.15859,0.0,27725.0864323694,279.6104050461545
"1 Penn Plaza, New York, NY, 10119",1007830070,Yes,No,16562.04884,5607.319928,0.0,2709031.795,16425.22011
"450 7th Avenue, New York, NY, 10123",1007840041,Yes,No,3723.69774,1321.889118,0.0,59487.28437199998,1543.856597
"212 West 35th Street, New York, NY, 10123",1007840051,Yes,Yes,642.54144,228.0981423,0.0,0.0,195.5837388
"224 West 35th Street, New York, NY, 10001",1007840060,Yes,No,1184.9056,415.0201549,0.0,607.4690067,544.9142827
"240 West 35th Street, Manhattan, NY, 10001",1007840064,Yes,No,1252.65564,444.6848198,0.0,61315.7989,859.6396897
"494 8 Ave, New York, NY 10001",1007840077,Yes,Yes,941.37804,504.07122,0.0,0.0,1.142439
"237 W 35th St, New York, NY 10001",1007850018,Yes,Yes,1219.43286,652.95873,0.0,0.0,161.51734
"462 7th Avenue, New York, NY, 10018",1007850037,Yes,Yes,1438.18372,510.5461134,0.0,0.0,618.8820479
"470 7th Avenue, New York, NY, 10018",1007850041,Yes,No,641.0785,227.5788079,0.0,16644.36261,431.4487995
"242-252 West 36th Street, New York, NY, 10018",1007850067,Yes,Yes,1157.21586,410.8043023,0.0,0.0,436.3401341
"255 W 36th St, New York, NY, 10018",1007860013,Yes,Yes,913.07922,319.4224042,0.0,0.0,398.6125115
"229 West 36 Street, Manhattan, NY, 10018",1007860023,Yes,No,985.4,349.81076,0.0,16827.60385,563.3325571
"498 7th Ave, New York, NY, 10018",1007860051,Yes,Yes,7201.47141,2596.731662,0.0,0.0,3138.392652
"240 W 37th St, New York, NY, 10018",1007860068,Yes,Yes,1104.5576,392.1109534,0.0,0.0,397.113983
"241 West 37th Street, New York, NY, 10018",1007870020,Yes,Yes,712.12584,252.8001637,0.0,0.0,289.8528516
"500 7 Ave, New York, NY 10018",1007870040,Yes,No,4090.5,1618.02,0.0,77480.90688293759,1907.1278615034985
"512 7 Ave, New York, NY 10018",1007870044,Yes,No,3737.799,1478.50716,0.0,75554.17118314773,1760.4257091908498
"256 West 38 Street, Manhattan, NY, 10018",1007870072,Yes,Yes,733.25888,260.3022591,0.0,0.0,307.38443
"580 8th Avenue, New York, NY, 10018",1007880004,Yes,No,569.3717,200.7137337,0.0,1527.742611,268.9545258
"530 7th Avenue, New York, NY, 10018",1007880049,Yes,No,2160.61119,764.3683138,0.0,57306.17943,1580.063882
"250 W 39th St, New York, NY 10018",1007880073,Yes,Yes,1227.96675,485.72907,0.0,0.0,337.958919986988
"251 West 39, NEW YORK, NY, 10018",1007890014,Yes,Yes,891.05932,310.9563764,0.0,0.0,278.5560747
"231 W 39th St, New York, NY 10018",1007890021,Yes,Yes,1475.2665,583.54986,0.0,0.0,392.4907552747213
"205 W 39th St, New York, NY 10018",1007890030,Yes,Yes,1938.71052,1038.10386,0.0,0.0,133.438846
"550 7th Avenue, New York, NY, 10018",1007890036,Yes,Yes,1738.12598,622.8799458,0.0,0.0,840.4096607
"218 W 40th Street, New York, NY, 10018",1007890052,Yes,Yes,1354.87372,423.212214,0.0,0.0,455.8597588
"240 West 40th St, New York, NY, 10018",1007890062,Yes,No,1104.95934,387.5527044,0.0,46809.1297,863.5468615
"264 W 40th St, New York, NY 10018",1007890075,Yes,Yes,982.206,525.933,0.0,0.0,158.028151
"135 West 18th Street, New York, NY, 10011",1007940017,Yes,No,397.95,141.26973,0.0,18296.78349,343.0201701
"615 AVENUE OF THE AMER, MANHATTAN, NY, 10011",1007940030,Yes,No,980.6991,363.5706781,0.0,8507.729157,593.5528339
"111 West 19th Street, New York, NY, 10011",1007950028,Yes,No,1254.58854,445.3709871,0.0,18134.23148,880.2117875
"635 Avenue of the Americas, New York, NY, 10011",1007950037,No,No,581.01458,191.2280386,26018.50551,58356.56752,678.0985558
"635-641 Avenue of the Americas, New York, NY, 10011",1007950044,Yes,Yes,1318.09378,452.5991697,0.0,0.0,694.9512475
"155 W 23rd St, New York, NY 10011",1007990012,Yes,Yes,465.345,184.0698,0.0,0.0,178.24992994242484
"119-21 West 23rd Street, New York, NY, 10011",1007990028,Yes,No,748.904,265.8561776,0.0,53607.57488,587.1421087
"119 West 24th Street, New York, NY, 10011",1008000025,Yes,No,992.04008,352.1679464,0.0,23670.99529,704.8640269
"150 W 25th St, New York, NY 10001",1008000065,Yes,Yes,449.064,177.62976,0.0,0.0,95.13382379201477
"152 West 25th Street, New York, NY, 10001",1008000068,Yes,Yes,484.8837,190.7591248,0.0,0.0,229.4815664
"275 7 Ave, New York, NY 10001",1008010001,Yes,No,3703.59,1464.9756,0.0,222273.90517830505,2294.3558432026307
"119 W 25th St, New York, NY 10001",1008010024,Yes,No,870.39225,344.28849,0.0,16830.240495449518,407.0878948337669
"122 W 26th St, New York, NY 10001",1008010055,Yes,Yes,512.244,202.62096,0.0,0.0,130.24798405152515
"151 W 26th St, New York, NY 10001",1008020008,Yes,No,1209.13425,478.27977,0.0,10037.248840715656,515.7321910474465
"122 West 27th Street, New York, NY, 10001",1008020056,Yes,Yes,907.38578,325.6597299,0.0,0.0,382.5886682
"158 West 27th Street, New York, NY, 10001",1008020075,Yes,Yes,859.2417,312.8786975,0.0,0.0,265.0183353
"121 West 27th Street, New York, NY, 10001",1008030021,Yes,No,900.3903,319.6328548,0.0,1078.182208,476.8521781
"150 W 28th St, New York, NY 10001",1008030067,Yes,Yes,834.0097499999999,329.89719,0.0,0.0,179.00056972028275
"319 7 Ave, New York, NY 10001",1008040001,Yes,No,2769.7545,1095.59178,0.0,275847.2896777763,2124.8727116334935
"145 W 28th St, New York, NY 10001",1008040011,Yes,Yes,390.8655,154.60902000000002,0.0,0.0,149.72069678614477
"104 West 29 Street, New York, NY, 10001",1008040044,Yes,Yes,921.56882,327.1510953,0.0,0.0,384.6137117
"345 7th Ave, New York, NY, 10001",1008050003,Yes,Yes,1442.6635,512.1364069,0.0,0.0,350.9650024
"135 West 29th Street, New York, NY, 10001",1008050019,Yes,Yes,537.13396,190.6791544,0.0,0.0,194.9366371
"145 West 30th Street, New York, NY, 10001",1008060009,Yes,Yes,701.509,320.0843845,0.0,0.0,267.1036817
"132 W 31 St, New York,, NY, 10001",1008060058,Yes,Yes,3111.45731,1126.269466,0.0,0.0,1736.689711
"Eleven Penn Plaza, New York, NY, 10001",1008070001,Yes,Yes,8609.78105,3116.893345,0.0,0.0,4671.207901
"116 West 32nd Street, New York, NY, 10001",1008070028,,,1676.90066,595.2891154,0.0,0.0,791.0050325
"119 West 31st St, New York, NY, 10001",1008070028,,,613.48959,130.5140364,0.0,0.0,267.0629859
"875 Ave Of The Americas, New York, NY 10001",1008070039,Yes,Yes,1446.85575,572.31183,0.0,0.0,542.7493501859037
"100 West 33rd Street, New York, NY, 10001",1008080040,Yes,Yes,9109.2067,3260.730885,0.0,0.0,2764.274329
1333 BROADWAY,1008110021,Yes,No,2114.7345,836.49498,0.0,47626.39487016762,1014.2054086200284
"1350 Broadway, New York, NY 10018",1008110031,Yes,No,2610.8055,1032.71862,0.0,23811.61534347968,1121.5679309831332
"132 West 36th Street, New York, NY, 10018",1008110051,Yes,Yes,1420.113,504.1311222,0.0,0.0,484.078625
"142 West 36th Street, New York, NY, 10018",1008110056,Yes,Yes,767.11874,264.699589,0.0,0.0,285.1100798
"152 West 36th Street, New York, NY, 10018",1008110062,Yes,Yes,393.04574,139.5287488,0.0,0.0,151.2901443
"499 7th Avenue, New York, NY, 10018",1008120006,Yes,No,1343.934,477.0880596,0.0,365.7947892,732.3624879
"141 W 36th St, New York, NY 10018",1008120016,Yes,Yes,1395.9,747.45,0.0,0.0,153.491897
"135 W36 St., New York, NY, 10018",1008120019,Yes,Yes,812.64422,283.7387108,0.0,0.0,318.7135865
"148 W 37th St, New York, NY 10018",1008120069,Yes,Yes,633.4605,250.56882,0.0,0.0,182.75100082397532
"1385 Broadway, New York, NY, 10018",1008130055,Yes,Yes,3600.07552,1275.034675,0.0,0.0,1618.529231
"108 West 39th Street, New York, NY, 10018",1008140046,Yes,Yes,844.78342,299.8927645,0.0,0.0,317.4527154
"1411 Broadway, New York, NY 10018",1008150001,Yes,No,7344.4995,2905.15758,0.0,436508.7252592255,4533.921480220991
"1412 Broadway, New York, NY, 10018",1008150014,Yes,Yes,2742.19386,973.4614555,0.0,0.0,1107.230337
"1430 Broadway, NY, NY, 10018",1008150046,Yes,No,2759.12,967.4485343,0.0,114616.3468,2092.920921
"90 Fifth Avenue, New York, NY, 10011",1008160037,Yes,Yes,1093.35033,395.7918594,0.0,0.0,440.7816245
"44 West 18th Street, NEW YORK, NY, 10011",1008190010,Yes,Yes,1553.6726,551.5439344,0.0,0.0,636.2776505
"118-120 5th Avenue, New York, NY, 10011",1008190037,Yes,No,536.664,185.5282446,0.0,10803.82709,346.4022827
"122-124 5th Avenue, New York, NY, 10011",1008190039,Yes,Yes,1850.04302,639.0454244,0.0,0.0,484.2793312
"18 West 18th Street, New York, NY, 10011",1008190056,Yes,Yes,1320.95614,456.9785945,0.0,0.0,409.5394873
"22 West 19th Street, New York, NY, 10011",1008200026,Yes,Yes,1450.812,515.0290728,0.0,0.0,290.3313367
"130 5 Ave, New York, NY 10011",1008200038,Yes,No,810.0,320.40000000000003,0.0,53517.70480394414,520.0929283729259
"39 W 19th St, New York, NY 10011",1008210014,Yes,No,723.276,286.09584,0.0,85013.35121886361,603.309837085312
"11 W 19th Street, New York, NY, 10011",1008210032,Yes,Yes,2168.91862,767.4782722,0.0,0.0,1211.708967
"148 5 Ave, New York, NY 10011",1008210041,Yes,No,1265.868,500.72112,0.0,63531.226681906955,737.7779359772647
"18 W 20th St, New York, NY 10011",1008210055,Yes,Yes,632.6235,250.23774,0.0,0.0,248.347202149309
"27 W 20th St, New York, NY 10011",1008220015,Yes,Yes,680.4,269.136,0.0,0.0,191.2787582449354
"156 5 AVENUE, New York, NY, 10010",1008220031,Yes,No,1205.28822,427.8696857,0.0,29257.00391,787.6160108
"12 W 21st St, New York, NY 10010",1008220049,Yes,Yes,397.575,157.263,0.0,0.0,152.29075911624588
"18-20 West 21st Street, New York, NY, 10010",1008220052,Yes,Yes,347.71734,123.4374538,0.0,0.0,148.6196527
"30 West 21st St, Manhattan, NY, 10010",1008220058,Yes,Yes,460.84884,163.5984199,0.0,0.0,232.892022
"38 W 21st St, New York, NY 10010",1008220062,Yes,Yes,582.11568,311.70024,0.0,0.0,0.675055
"54 W 21st St, New York, NY 10010",1008220070,Yes,Yes,962.091,380.56044,0.0,0.0,284.98078948932204
"19 West 21st Street, New York, NY, 10001",1008230024,Yes,Yes,901.62584,320.0714637,0.0,0.0,318.8126415
"15 W 21st St, New York, NY 10010",1008230029,Yes,No,924.79725,365.80869,0.0,85190.73167741329,683.6845544679601
"56 W 22nd St, New York, NY 10010",1008230073,Yes,Yes,466.992,250.056,0.0,0.0,0.026226
"28 West 23rd Street, New York, NY, 10010",1008240028,Yes,No,1892.07412,628.8622824,0.0,65603.52459,1293.901709
"3 West 22nd Street, New York, NY, 10010",1008240032,Yes,Yes,617.97466,219.377091,0.0,0.0,205.1429911
"49 W 23rd St, New York, NY 10010",1008250012,Yes,No,2274.75,899.7900000000001,0.0,13613.804304517696,950.5877772556632
"19 West 24th Street, New York, NY, 10010",1008260026,Yes,No,391.57522,139.0067235,0.0,30809.61467,371.0328752
"1115 Broadway, NEW YORK, NY, 10010",1008260046,Yes,Yes,2353.66878,830.9782739,0.0,0.0,701.9735731
"24-28 West 25 Street, New York, NY, 10010",1008260057,Yes,No,893.84854,321.8790598,0.0,2393.321897,427.0891499
"40 West 25th Street, New York, NY, 10010",1008260065,Yes,Yes,977.5547,347.0257282,0.0,0.0,320.793476
"48 West 25th Street, New York, NY, 10010",1008260069,Yes,Yes,814.64534,289.193937,0.0,0.0,289.449409
"37 West 26th Street, New York, NY, 10010",1008280009,Yes,No,850.92322,302.0723547,0.0,40575.637081199995,453.4739856
"1140 Broadway, New York, NY, 10016",1008280033,Yes,No,1044.84437,379.5387115,0.0,5952.729212,576.8449475
"45 West 27th Street, New York, NY, 10001",1008290011,Yes,No,411.12404,145.9464308,0.0,21194.88161,365.5702064
"31 West 27th Street, New York, NY, 10001",1008290016,Yes,No,876.17771,323.9275502,0.0,45213.34144,767.8871607
"13 West 27th Street, New York, NY, 10001",1008290032,Yes,No,380.77372,135.1722594,0.0,10855.23044,291.4823307
"236 5 Ave, New York, NY 10001",1008290036,No,No,440.41725,174.20949000000002,42036.16720155089,113379.84688155088,597.2686201550406
"44-50 West 28th Street, New York, NY, 10001",1008290068,Yes,Yes,1075.0714,381.6435392,0.0,0.0,522.5500295
"1201 Broadway, New York, NY, 10001",1008300062,Yes,No,833.8,295.99372,0.0,10256.27258,401.4891994
"856 Ave Of The Americas, New York, NY 10001",1008320001,Yes,Yes,1268.81775,501.88791,0.0,0.0,486.0192976639108
"1245 Broadway, New York, NY, 10001",1008320017,Yes,Yes,1431.74072,508.2588892,0.0,0.0,547.4962108
"1255 Broadway, New York, NY, 10001",1008330006,Yes,No,916.28556,325.2755715,0.0,7166.126139,487.8455576
"1250 Broadway, New York, NY, 10001",1008330011,Yes,No,5578.54104,1912.879204,0.0,385077.768996,3349.736551
"302 5th Avenue, New York, NY, 10001",1008330038,Yes,Yes,581.36924,206.1068657,0.0,0.0,203.5332802
"22 W 32nd St, New York, NY 10001",1008330057,Yes,Yes,955.98,511.89,0.0,0.0,188.420341
"39 West 32nd Street, New York, NY, 10001",1008340019,Yes,No,468.0271,166.1466567,0.0,22030.25979,294.4549934
"4 W 33rd St, New York, NY 10001",1008340049,Yes,No,2154.6,852.264,0.0,284273.8554293539,1912.9873411543056
"45 West 34th Street, New York, NY, 10001",1008360007,Yes,Yes,677.19156,238.2200119,0.0,0.0,376.9491911
"7 W 34th Street, New York, NY, 10001",1008360026,Yes,Yes,3179.95706,1067.954053,0.0,0.0,1510.363549
"1 West 34th Street, New York, NY, 10001",1008360033,Yes,No,476.42574,169.1281208,0.0,8541.53617,273.7541042
"358-362 5th Avenue, New York, NY, 10001",1008360035,Yes,No,1144.51059,403.5051038,0.0,8462.287134,627.8449123
"366 Fifth Avenue, New York, NY, 10001",1008360043,Yes,Yes,1169.8972,407.7643096,0.0,0.0,190.8055771
"29 West 35th Street, New York, NY, 10001",1008370023,Yes,No,551.5999,195.3752831,0.0,3738.322773,284.9269953
"3 West 35th Street, New York, NY, 10001",1008370036,Yes,No,669.74808,246.6380889,0.0,5966.813334,409.1344783
"16 West 36th Street, New York, NY, 10018",1008370056,Yes,No,450.00186,159.7478107,0.0,2865.467673,254.8728618
"20 West 36th Street, New York, NY, 10018",1008370058,Yes,No,542.22772,192.487407,0.0,7134.365239,299.5699022
"65 W 36th St, New York, NY, 10018",1008380008,Yes,Yes,445.8935,158.2893689,0.0,0.0,179.7916941
"53 West 36th Street, New York, NY, 10018",1008380012,Yes,No,694.10381,246.9216823,0.0,29709.58611,479.5382537
"45 West 36th Street, New York, NY, 10018",1008380015,Yes,Yes,927.17802,324.4514298,0.0,0.0,217.2364592
"404 Fifth Avenue, New York, NY, 10018",1008380048,Yes,No,631.32304,224.1156814,0.0,20516.14091,390.9506728
"20 West 37th St, New York, NY, 10018",1008380062,Yes,No,572.35822,203.1835437,0.0,20015.75677,315.3593266
"40 West 37th, New York, NY, 10018",1008380072,Yes,Yes,414.8155,147.2568757,0.0,0.0,146.1865404
"48 W 37th St, New York, NY 10018",1008380076,Yes,No,881.71875,348.76875,0.0,74367.96901067824,626.2611716816352
"49 West 37th Street, New York, NY, 10018",1008390009,Yes,Yes,1182.04794,414.9286374,0.0,0.0,326.9967099
"35 W 37th St, New York, NY 10018",1008390019,Yes,Yes,389.4615,154.05366,0.0,0.0,105.74121139999004
"22 West 38th St, New York, NY, 10018",1008390060,Yes,Yes,492.7,174.90538,0.0,0.0,189.7230022
"42 W 38th St, New York, NY 10018",1008390070,Yes,Yes,449.39475,177.76059,0.0,0.0,172.14040026401165
"49 West 38th Street, New York, NY, 10018",1008400013,Yes,No,480.66296,170.632307,0.0,21718.50204,315.3483193
"29 W 38th St, New York, NY 10018",1008400023,Yes,Yes,736.911,291.48924,0.0,0.0,160.46124200027523
"21 W 38th St, New York, NY 10018",1008400028,Yes,Yes,440.37,174.1908,0.0,0.0,168.68333276567944
"15 West 38th Street, New York, NY, 10018",1008400031,Yes,Yes,458.20342,162.6593125,0.0,0.0,
"424 5 Ave, New York, NY 10018",1008400042,Yes,Yes,433.75266,232.25763,0.0,0.0,5.921572
"16 West 39th Street, New York, NY, 10018",1008400058,Yes,Yes,388.64934,137.9680546,0.0,0.0,
"42 W 39th St, New York, NY 10018",1008400071,Yes,No,1064.799,421.18716,0.0,61094.012982497654,649.1498950093196
"1040 Avenue Of The Americas, New York, NY, 10018",1008410001,Yes,Yes,1932.9,686.16726,0.0,0.0,797.5163668
"35 W 39th St, New York, NY 10018",1008410018,Yes,Yes,344.25,136.17000000000002,0.0,0.0,108.83683539513136
"15 W 39 Street, New York, NY, 10018",1008410027,Yes,No,620.39448,219.4656057,0.0,16441.43362,396.6379965
"15 West 39th Street, New York, NY, 10018",1008410027,Yes,No,620.39448,219.4656057,0.0,16441.43362,396.6379965
"1 West 39th Street, New York, NY, 100183801",1008410031,No,No,1185.13024,482.9347215,11335.53348,47663.93844,1227.427007
"452 5TH AVENUE, New York, NY, 100182706",1008410049,Yes,No,5163.07692,1725.506055,0.0,25655.65642,3197.332361
"8 West 40th St, New York, NY, 10018",1008410054,Yes,No,957.23517,338.5625088,0.0,34729.15639,690.8759209
"71 5th Avenue, New York, NY, 10003",1008420042,Yes,Yes,1051.55066,373.2938254,0.0,0.0,
"79 Fifth Avenue, New York, NY, 10003",1008430045,Yes,No,2066.9144,733.7415234,0.0,56139.13078,1468.025807
"85 5 Ave, New York, NY 10003",1008440001,Yes,Yes,695.3985,275.06874,0.0,0.0,267.1838753120421
"87 5 Ave, New York, NY 10003",1008440003,Yes,No,390.285,154.3794,0.0,8397.624972626409,185.7138215396508
"91 5 Ave, New York, NY 10003",1008440042,Yes,No,349.9065,138.40746,0.0,31308.356234792187,255.22968475668728
"860 Broadway, New York, NY 10003",1008460026,Yes,No,511.64325,202.38333,0.0,148.31544559714132,202.9367458417804
"230 Park Avenue South, New York, NY, 10003",1008470040,Yes,No,2739.1978,1010.231829,0.0,33835.53936,2087.164592
"902 Broadway, New York, NY, 10010",1008490016,Yes,Yes,2595.61182,921.4257595,0.0,0.0,1208.110341
"45 E 20th St, New York, NY 10003",1008490031,Yes,Yes,442.8,175.15200000000002,0.0,0.0,121.90718847728932
"920 Broadway, New York City, NY, 10010",1008490063,Yes,No,745.82652,264.7636917,0.0,5124.669576,439.1200768
"149 5 Ave, New York, NY 10010",1008500001,Yes,No,1168.82325,462.33453,0.0,20180.84410584123,537.6361871113479
"35 East 21st Street, New York, NY, 10010",1008500025,Yes,Yes,758.0,269.0852,0.0,0.0,274.5775967
"304 Park Avenue South, New York, NY, 10010",1008510041,Yes,No,1479.76002,520.2932142,0.0,103716.0258,1365.671281
"41 Madison Ave, New York, NY, 10010",1008550037,Yes,No,4280.65053,1518.892038,0.0,461684.291708,3241.594619
"11 E 26th Street, Ney York, NY, 10010",1008560009,Yes,No,1652.37178,586.5815183,0.0,2197.859279,870.4708099
"60 Madison Avenue, New york, NY, 10010",1008560058,Yes,Yes,1346.91924,481.4698547,0.0,0.0,714.1873742
"63 Madison Ave, New York, NY, 10016",1008570024,Yes,No,5958.40302,2115.195341,0.0,142016.2165,3722.73331
"72 Madison Avenue, New York, NY, 10016",1008570062,Yes,No,443.43,157.414842,0.0,32230.95393,361.1032567
"3 East 28th St, New York, NY, 10016",1008580006,Yes,Yes,473.01871,166.9655307,0.0,0.0,193.443403
"79 Madison Avenue, New York, NY, 10016",1008580022,Yes,Yes,1952.88846,681.2015704,0.0,0.0,799.0971945
"40 East 29th Street, New York, NY, 10016",1008580049,,,101.4525,33.52573764,0.0,0.0,
"102 Madison Avenue, New York, NY, 10016",1008590015,Yes,No,820.8382,291.3923631,0.0,11256.52845,430.8729918
"99 Madison Avenue, New York, NY, 10016",1008590024,Yes,Yes,909.6,322.90224,0.0,0.0,380.202257
"440 Park Avenue South, New York, NY, 10016",1008590048,Yes,Yes,1218.17422,427.7532381,0.0,0.0,365.8704788
"44 E 30th St, New York, NY 10016",1008590052,Yes,No,510.67125,201.99885,0.0,34098.08825269064,329.2305225846666
"105 Madison Avenue, New York, NY, 10016",1008590064,Yes,Yes,1781.0726,625.2331504,0.0,0.0,770.3882573
"112 Madison Avenue, New York, NY, 10016",1008590072,Yes,Yes,671.2848,238.3018531,0.0,0.0,292.9584755
"295 5th Ave, New York, NY, 10016",1008600001,Yes,Yes,4654.4232,1652.290762,0.0,0.0,618.2361769
"460 Park Avenue South, Manhattan, NY, 10016",1008600045,Yes,Yes,1310.05898,465.062642,0.0,0.0,667.4414992
"36 E 31st St, New York, NY 10016",1008600049,Yes,Yes,1274.80356,682.60758,0.0,0.0,114.241764
"303 Fifth Ave, New York, NY, 10016",1008610001,Yes,No,1346.08132,464.2726708,0.0,51397.14747,839.9536433
"307 5 Ave, New York, NY 10016",1008610003,Yes,Yes,513.08208,274.73544,0.0,0.0,0.595
"136 Madison, New York, NY, 10016",1008610015,Yes,Yes,2061.76,711.389074,0.0,0.0,1080.783161
"135 Madison Avenue, New York, NY, 10016",1008610022,Yes,Yes,1364.54402,479.8408307,0.0,0.0,603.5843151
"44 East 32nd Street, New York, NY, 10016",1008610047,Yes,Yes,633.86234,225.0171168,0.0,0.0,298.9948467
"38 East 32nd Street, New York, NY, 10016",1008610049,Yes,No,763.18229,251.1019555,0.0,2316.93183,401.957206
"148 Madison Avenue, New York, NY, 10016",1008610064,Yes,Yes,544.78218,193.3942241,0.0,0.0,
"6 E 32nd St, New York, NY 10016",1008610072,Yes,Yes,982.125,388.485,0.0,0.0,286.9321610538259
"315 5th Avenue, New York, NY, 10016",1008610075,No,No,446.01493,157.5479465,4339.358501,40874.26695,462.2065662
"15 E 32nd St, New York, NY 10016",1008620013,Yes,No,385.803,152.60652000000002,0.0,9895.253234097332,189.52910669439305
"152 Madison Ave, New York, NY, 10016",1008620016,Yes,Yes,742.84,263.703496,0.0,0.0,245.4885026
"31 EAST 32 STREET, Manhattan, NY, 10016",1008620026,Yes,Yes,430.0818,163.8978089,0.0,0.0,124.1268036
"30 E 33rd St, New York, NY 10016",1008620045,Yes,No,617.9895,244.44918,0.0,48520.4296732896,425.4955593779463
"1 East 33rd Street, New York, NY, 10016",1008630006,Yes,Yes,969.22428,344.0684818,0.0,0.0,460.1523603
"169 Madison Ave, New York, NY 10016",1008630027,Yes,No,763.9784999999999,302.19594,0.0,66676.54089540399,550.9890030425522
"33 East 33rd Street, New York, NY, 10016",1008630029,Yes,Yes,1059.99478,366.3232805,0.0,0.0,249.9968903
"183 Madison Ave, New York, NY 10016",1008630060,Yes,Yes,1576.017,623.40228,0.0,0.0,407.4057927740637
"178 Madison Ave, New York, NY 10016",1008630067,Yes,No,1896.453,750.15252,0.0,19065.77624491218,821.293476137732
"200 Madison, New York, NY, 10016",1008650014,Yes,Yes,5044.29321,1785.059739,0.0,0.0,2708.907455
"389 5 Ave, New York, NY 10016",1008660001,Yes,No,828.1305,327.57162,0.0,4940.676531741688,346.006980193066
"401 Fifth Avenue, New York, NY, 10016",1008660076,Yes,No,1188.2408,421.8179595,0.0,31600.97055,911.6610661
"6 East 39th St, New York, NY, 10016",1008680008,Yes,No,672.95264,232.6897466,0.0,49958.31781,542.3584631
"9 E 38th St, New York, NY 10016",1008680012,Yes,Yes,500.75586,268.13523,0.0,0.0,1.349115
"260 Madison Ave, New York, NY, 10016",1008680016,Yes,No,4308.91922,1529.639037,0.0,10210.044,2450.236295
"261 Madison Avenue, New York, NY, 10016",1008680025,Yes,No,3003.49162,1066.220506,0.0,41438.43827,1753.549013
"437 5th Avenue, New York, NY, 10016",1008680072,Yes,Yes,510.6267,177.6777777,0.0,0.0,282.5550006
"271 Madison Ave, New York, NY 10016",1008690020,Yes,Yes,883.48626,473.07243,0.0,0.0,1.126566
"90 Park Avenue, New York, NY, 10016",1008690034,Yes,No,6684.96622,2390.748714,0.0,183627.2927,4600.95022
"16 E 40th St, New York, NY 10016",1008690064,Yes,Yes,756.51858,405.08619,0.0,0.0,0.877303
"10 East 40th Street, New York, NY, 10016",1008690066,Yes,No,3235.0389,1143.451402,0.0,68160.17997,2155.979086
"32 Union Square, New York, NY 10003",1008710003,Yes,No,983.961,389.21124,0.0,20144.81797218048,464.37847123947944
"30 Irving Pl, New York, NY 10003",1008710060,Yes,No,693.93375,274.48935,0.0,7051.0706210049375,300.79931500374977
"116 East 16th Street, New York, NY, 10003",1008710070,Yes,Yes,512.5975,181.9688665,0.0,0.0,204.8077701
"109 East 16th St, New York, NY, 10003",1008720013,Yes,No,2651.30966,941.19814,0.0,2423.6473068000164,950.2416001
"215 Park Avenue South, New York, NY, 10003",1008730067,Yes,Yes,3038.03527,1219.181831,0.0,0.0,1633.523001
"251 Park Avenue South, New York, NY, 10010",1008760001,Yes,Yes,788.68384,276.7527779,0.0,0.0,357.2436039
"257 Park Ave South, New York, NY, 10010",1008760006,Yes,No,1685.86888,596.2513871,0.0,49919.36451,1126.589746
"120 East 23rd Street, New York, NY, 10010",1008780065,Yes,No,1671.47338,593.3624654,0.0,2885.788272,917.0497055
"315 Park Ave South, New York, NY 10010",1008790081,Yes,No,2405.2275,951.4011,0.0,113929.2707027069,1376.5103190399511
"121 East 24th Street, NEW YORK, NY, 10010",1008800014,Yes,Yes,492.7,174.90538,0.0,0.0,183.3543588
"104 East 25th Street, New York, NY, 10010",1008800084,Yes,No,985.4,349.81076,0.0,1925.172128,592.2647844
"345 Park Avenue South, New York, NY, 10010",1008810001,Yes,No,2074.37673,744.2033458,0.0,140499.4697,1745.432862
"137 E 25th St, New York, NY 10010",1008810029,Yes,Yes,601.02378,321.82479,0.0,0.0,0.696982
"116 East 27 Street, New York, NY, 10016",1008820076,Yes,Yes,532.24486,188.9435549,0.0,0.0,263.6740139
"387 Park Avenue South, New York, NY, 10016",1008830001,Yes,No,1404.59683,496.2339163,0.0,24720.0019,957.0799875
"401 Park Ave South, New York, NY 10016",1008830088,Yes,No,1677.8205,663.6712200000001,0.0,90017.78058023035,999.5584609710088
"443 Park Avenue South, New York, NY, 10016",1008860001,Yes,Yes,595.59369,216.2272643,0.0,0.0,276.5440767
"475 Park Avenue South, New York, NY, 10016",1008870095,Yes,Yes,3474.89246,1203.675394,0.0,0.0,1107.04247
"220 East 23rd Street, New York, NY, 10010",1009030047,Yes,Yes,1139.6909,404.5830525,0.0,0.0,449.2071889
"321 E 34th St, New York, NY 10016",1009400012,Yes,Yes,712.611,281.87724000000003,0.0,0.0,272.96495832301
"561 7 Ave, New York, NY 10018",1009930001,Yes,Yes,484.25175,191.54847,0.0,0.0,185.49205529774497
"115 W 40th St, New York, NY 10018",1009930022,Yes,No,2054.32875,812.6011500000001,0.0,51230.48774265901,1003.7596863532052
"5 Bryant Park, New York, NY, 10018",1009930029,Yes,Yes,5231.80856,1865.321495,0.0,0.0,2741.100046
"1441 Broadway, New York, NY 10018",1009930055,Yes,No,3340.359,1321.29756,0.0,196280.82459761645,2053.6886965582703
"1459 Broadway, New York, NY 10019",1009940001,Yes,No,7285.8015,2881.93926,0.0,100072.540795796,3255.344262969388
"4 Times Square, Manhattan, NY, 10036",1009950005,,,12142.98566,4273.821954,0.0,0.0,10246.56473
"One Bryant Park, New York, NY, 10036",1009950033,No,No,13987.06536,5759.017838,2942630.947,4124940.344,24967.03158
"1500 Broadway, New York, NY, 10022",1009960001,Yes,No,3929.73498,1350.119363,0.0,223144.0191,3621.877216
"1133 Avenue of the Americas, New York City, NY, 10036",1009960029,Yes,No,7546.98434,2703.136666,0.0,37722.71576,4697.123841
"1155  Avenue  of  the  Americas, Manhattan, NY, 10036",1009970029,Yes,Yes,5218.20187,1855.211394,0.0,0.0,2601.184677
"120 West 45th St, New York, NY, 10036",1009970041,Yes,No,3229.50448,1146.45364,0.0,22311.37772,2203.753446
"145 West 45th Strret, New York, NY, 10036",1009980012,Yes,Yes,699.76774,271.3123871,0.0,0.0,267.6310873
"115 West 45th Street, New York, NY, 10036",1009980024,Yes,No,403.86998,143.3712854,0.0,34465.72355,369.8886143
"Broadway, New York, NY 10036",1009990003,Yes,No,1593.80325,630.43773,0.0,17784.79038682548,696.7988881597965
"151 W 46th St, New York, NY 10036",1009990009,Yes,Yes,412.83,163.2972,0.0,0.0,158.13395012231928
"114  West  47th  st, Manhattan, NY, 10036",1009990019,Yes,No,4885.93764,2135.145508,0.0,26774.904747999957,2235.051869
"1185 Ave of the Americas, New York, NY, 10036",1009990029,Yes,No,7945.2957,2936.965439,0.0,208238.9954,5694.901848
"135 West 50th St., New York, NY, 10020",1010030005,Yes,Yes,5849.7861,2029.654779,0.0,0.0,1823.485357
"1271 Ave Of The Americas, New York, NY 10020",1010030029,Yes,Yes,16606.134,8891.937,0.0,0.0,2613.304797
"787 Seventh Avenue, New York, NY, 10019",1010040020,Yes,No,13709.27093,4817.622606,0.0,485723.9966,10702.8916
"1285 Avenue of the Americas, New York, NY, 10019",1010040029,Yes,No,13948.55607,5648.306938,0.0,375162.4597,11341.12217
"1345 Avenue of the Americas, New York, NY, 10019",1010070029,Yes,Yes,14403.82678,5113.267295,0.0,0.0,8728.186621
"106 West 56th Street, New York, NY, 10019",1010080037,Yes,Yes,663.80334,235.6459822,0.0,0.0,229.9082207
"152 West 57th Street, New York, NY, 10019",1010090005,Yes,No,4229.04242,1506.544426,0.0,261652.4604680001,2482.859577
"119 W 57th St, New York, NY 10019",1010100021,Yes,Yes,948.76362,508.02591,0.0,0.0,198.674448
"215 W 40th St, New York, NY, 10018",1010120023,Yes,No,514.09834,182.5016552,0.0,25569.21285,349.3258204
"5 Times Square, New York, NY, 10036",1010130029,,,7558.15964,2764.748825,0.0,0.0,2333.655334
"3 Times Square, New York, NY 10036",1010140033,Yes,No,5771.25,2282.85,0.0,380704.29224780016,3703.388403909702
"1501 Broadway, New York, NY, 10036",1010150029,No,No,5873.95473,2200.50121,178551.0844,572353.4541,6540.19012
"1515 Broadway, New York, NY, 10036",1010160036,Yes,Yes,41503.62281,17873.09444,0.0,0.0,11241.379
"1613 Broadway, New York, NY 10019",1010210019,Yes,No,1067.5125,422.2605,0.0,100589.8928024332,797.5959209046016
"1675 Broadway, New York, NY, 10019",1010240015,Yes,Yes,5674.20675,2009.614442,0.0,0.0,2135.990061
"1700 Broadway, New York, NY, 10019",1010250025,Yes,No,4559.12114,1576.92787,0.0,141791.4686,3100.651208
"Ed Sullivan Theater 1697 Broadway, New York, NY, 10019",1010250043,No,No,848.89972,273.7338876,197547.528056,351691.97113920003,1586.017362
"848 7 Ave, New York, NY 10019",1010260032,Yes,Yes,531.5625,210.2625,0.0,0.0,117.58569114325933
"1740 Broadway, New York, NY 10019",1010270020,Yes,No,3507.3,1387.332,0.0,53749.638603843065,1587.8903529994143
"888 Seventh Avenue, New York, NY, 10019",1010280029,Yes,No,6502.7899,2325.59072,0.0,304694.5351,5216.874775
"1784 Broadway, New York, NY 10019",1010290053,No,No,1392.7545,550.91178,32446.473343156336,258060.3223031563,1513.8234303849115
"330 West 42nd Street, New York, NY, 10036",1010320048,Yes,Yes,4190.0345,1487.435714,0.0,0.0,614.5961963
"825 8th Avenue, New York, NY, 10019",1010400029,Yes,No,12313.85853,4523.465684,0.0,432918.6843,10802.18221
"420 W 45th St, New York, NY 10036",1010540041,Yes,Yes,399.276,157.93584,0.0,0.0,152.94225145529515
"619 West 54Th Street, New York City, NY, 10019",1011020018,Yes,Yes,3200.3125,2344.54165,0.0,0.0,2175.415552
"600 West 58th, Manhattan, NY, 10019",1011050036,No,No,1168.97237,575.1090738,39598.92584800001,198754.2892296,1316.729556
"27 W 60th St, New York, NY 10023",1011130008,Yes,Yes,1134.50292,607.48206,0.0,0.0,1.315636
"16 West 61st Street, New York, NY, 10023",1011130051,Yes,No,1032.19446,259.1903843,0.0,115705.6809808,690.9279999
"23 W 43rd St, New York, NY 10036",1012590019,Yes,No,1943.2845,768.6769800000001,0.0,165542.35217688623,1386.3723239436054
"19 West 44th Street, New York, NY, 10036",1012600024,Yes,No,1934.48011,691.9576428,0.0,134901.5564,1632.352731
"2 West 45th Street, New York, NY, 10036",1012600042,Yes,Yes,909.5242,318.4776165,0.0,0.0,576.6799107
"56 West 45th Street, New York, NY, 10036",1012600064,Yes,No,443.71804,157.5170944,0.0,25588.80274,324.2670399
"1156 Ave Of The Americas, New York, NY 10036",1012600071,Yes,No,468.99675,185.51427,0.0,20904.501376782573,263.5161408088902
"45 W 45 St, New York, NY, 10036",1012610016,Yes,No,712.23196,252.8378356,0.0,56957.6082,680.6651097
"35 W 45th St, New York, NY 10036",1012610019,Yes,Yes,375.45525,148.51341,0.0,0.0,143.8179712533131
"25 W 45th St, New York, NY 10036",1012610021,Yes,No,1266.07725,500.80389,0.0,52018.806385152464,694.9039138251958
"7 WEST 45TH STREET, NEW YORK, NY, 10036",1012610030,No,No,502.79748,168.3447414,47678.02514,98151.90771,680.7005589
"546 5 Ave, New York, NY, 10036",1012610034,Yes,Yes,1408.99911,504.344217,0.0,0.0,850.1103931
"550 5 Ave, New York, NY 10036",1012610036,No,No,376.50825,148.92993,4704.799965480812,65695.7897254808,394.0634737517941
"2 West 46th Street, New York, NY, 10036",1012610042,Yes,No,960.79532,333.2541853,0.0,20693.53325,614.4194383
"1180 Ave Of The Americas, New York, NY 10036",1012620001,Yes,Yes,2772.90036,1484.77998,0.0,0.0,495.983213
"21 West 46 Street, New York, NY, 10036",1012620024,Yes,Yes,568.56064,198.4960952,0.0,0.0,228.383433
"20 West 47th Street, New York, NY, 10036",1012620048,Yes,Yes,896.65336,318.3062648,0.0,0.0,538.2811721
"30 W 47th St, New York, NY 10036",1012620054,Yes,Yes,375.38775,148.48671000000002,0.0,0.0,143.79163378841716
"49 W 47th St, New York, NY, 10036",1012630007,Yes,No,619.48308,219.9125706,0.0,11226.73222,426.0780119
"590 5th Avenue, Manhattan, NY, 10036",1012630038,Yes,No,769.05922,273.0111531,0.0,30261.58047,611.9398124
"22 W 48th St, New York, NY, 10036",1012630051,Yes,Yes,658.43135,248.2140619,0.0,0.0,301.5473065
"42 W 48th St, New York, NY 10036",1012630059,Yes,Yes,392.85675,155.39667,0.0,0.0,150.4833823451566
"1212 Ave Of The Americas, New York, NY 10036",1012630071,Yes,Yes,1680.048,664.55232,0.0,0.0,545.4430885087187
"608 Fifth Avenue, New York, NY, 10020",1012640040,Yes,Yes,1035.78426,367.6968532,0.0,0.0,558.7126235
"1290 Avenue of the Americas, New York, NY, 10104",1012670001,Yes,No,14798.96726,5583.017157,0.0,635328.8712,11936.37943
"75 Rockeller Plaza, New York, NY, 10019",1012670022,Yes,Yes,4829.37644,1818.604757,0.0,0.0,2216.123548
"640 Fifth Avenue, New York, NY, 10019",1012670034,Yes,No,2336.59902,845.4868951,0.0,17483.71116,1614.941665
"650 Fifth Avenue, New York, NY, 10019",1012670041,Yes,No,2652.98952,914.308536,0.0,76869.32404,2073.82056
"51 West 52nd Street, New York, NY, 10019",1012680001,Yes,No,6799.15632,2426.334902,0.0,66324.2845,4555.864546
"1330 Avenue of the Americas, New York, NY, 10019",1012690001,Yes,No,3862.64694,1422.780135,0.0,151962.4188,2763.060819
"20 West 55th St, New York, NY, 10019",1012700049,Yes,No,568.5,201.8139,0.0,35357.81546,559.4334887
"1350 Ave of the Americas, New York, NY, 10019",1012700071,Yes,No,4256.31552,1571.557281,0.0,66592.51786,2636.310864
"712 5 Ave, New York, NY 10019",1012710038,Yes,No,3668.02425,1450.90737,0.0,122174.3291607548,1906.78173254013
"1370 Ave Of The Americas, New York, NY 10019",1012710071,Yes,No,2102.63175,831.70767,0.0,234630.89928796043,1707.1961001789568
"720 Fifth Avenue, New York, NY, 10019",1012720034,Yes,Yes,858.75336,278.279838,0.0,0.0,421.8427435
"50 W 57th St, New York, NY, 10019",1012720066,Yes,No,623.08818,224.7079563,0.0,52503.65814,599.9400956
"57 West 57th Street, New York, NY, 10019",1012730001,Yes,No,1220.59999,438.1431376,0.0,68870.23859,1005.698524
"37 W 57th St, New York, NY 10019",1012730012,Yes,No,470.13075,185.96283,0.0,31588.175553732824,303.8291566930329
"461 Fifth Avenue, New York, NY, 10017",1012750001,Yes,Yes,1997.17186,795.9466708,0.0,0.0,916.8603634
"15 E 40th St, New York, NY 10016",1012750012,Yes,Yes,389.15775,153.93351,0.0,0.0,85.10546096508934
"284 Madison Ave, New York, NY 10017",1012750014,No,No,689.03325,272.55093,16922.84525343188,128540.10701343189,752.178194975492
"285 Madison Avenue, New York, NY, 10017",1012750023,Yes,No,3616.62266,1283.878142,0.0,59301.52792,2310.134496
"100 Park Avenue, New York, NY, 10017",1012750027,Yes,Yes,6404.09558,2397.932167,0.0,0.0,3205.224843
"292 Madison Ave, New York, NY, 10017",1012750059,Yes,Yes,1299.87041,458.8116084,0.0,0.0,568.1145753
"330 Madison Ave, New York, NY 10017",1012770014,Yes,No,4947.75675,1957.11267,0.0,442492.325568296,3608.203437045881
"511 Fifth Avenue, New York, NY, 10017",1012770069,Yes,Yes,952.29056,335.1253085,0.0,0.0,288.7334022
"521 Fifth Avenue, New York, NY, 10175",1012780001,Yes,No,3424.5973,1214.28375,0.0,13168.24115,1893.155543
"340 Madison Avenue, New York, NY, 10173",1012780014,Yes,Yes,4827.50278,1669.742334,0.0,0.0,1853.791762
"529 5th Ave, New York, NY, 10017",1012780069,Yes,Yes,2081.57548,723.6405117,0.0,0.0,851.7073015
"350 Madison Avenue, New York, NY, 10017",1012790057,Yes,Yes,2886.2745,1024.60917,0.0,0.0,1458.549334
"545 Fifth Avenue, Manhattan, NY, 10017",1012790069,Yes,No,1367.04542,485.2924673,0.0,56805.69978,1106.677397
"18-20 East 46th Street, New York, NY, 10017",1012810059,Yes,No,698.92028,281.1918042,0.0,11544.94657,472.0120885
"555 FIFTH AVE, NEW YORK, NY, 10017",1012810069,Yes,No,258.75846,71.84097513,0.0,13204.74066,241.3577933
"400 Madison Avenue, New York, NY, 10017",1012830017,Yes,No,1108.12778,393.3783447,0.0,37306.37113,810.7687121
"589 Fifth Avenue, New York, NY, 10017",1012830069,Yes,No,1393.97716,455.0859937,0.0,52413.31295,1191.017281
"597 Fifth Avenue, New York, NY, 10017",1012840002,Yes,Yes,545.76,186.705,0.0,0.0,169.2087487
"7 E 48th St, New York, NY 10017",1012840007,Yes,No,4430.889,1752.66276,0.0,258214.0663477581,2716.1480821931273
"424 Madison Avenue, New York, NY, 10017",1012840056,Yes,No,471.75646,167.4705559,0.0,6087.954854,290.2319675
"437 Madison Avenue, New York, NY, 10022",1012850021,Yes,No,6366.81707,2211.122743,0.0,427780.5874,5181.6913
"34 E 51st St, New York, NY 10022",1012860043,No,No,502.57125,198.79485,9986.29820812363,91398.37340812365,539.83355674673
"488 Madison Avenue, New York, NY, 10022",1012870014,Yes,Yes,3683.61476,1340.823394,0.0,0.0,1759.951393
"477 Madison Avenue, New York, NY, 10022",1012870021,Yes,Yes,2001.95126,713.337663,0.0,0.0,653.2697272
"350 Park Avenue, New York, NY, 10022",1012870033,Yes,Yes,4459.19328,1860.19009,0.0,0.0,3001.072412
"485 Madison Ave, New York, NY, 10022",1012870052,Yes,Yes,1994.04786,707.8743631,0.0,0.0,882.0193749
"655 5 Ave, New York, NY 10022",1012880001,No,No,353.7,139.90800000000002,23234.80073859079,80531.05673859078,440.3970176813089
"10 East 53rd Street, New York, NY, 10022",1012880007,No,No,2010.85838,855.4663559,148996.0575,241587.0496,2566.813818
"515 Madison Ave, New York, NY 10022",1012890021,Yes,No,2234.385,883.8234,0.0,76724.29255712837,1170.1080737206282
"527 Madison Ave, New York, NY 10022",1012890052,Yes,No,1336.149,528.52116,0.0,90587.62182635654,866.5346742774498
"689 FIfth Avenue, New York, NY, 10022",1012900001,Yes,No,768.89624,280.6913606,0.0,11331.61245,530.20933
"693 5 Ave, New York, NY 10022",1012900003,Yes,No,683.90325,270.52173,0.0,42464.77365099518,428.9723779514745
"3 East 54th Street, New York, NY, 10022",1012900006,Yes,Yes,2256.09604,800.8998076,0.0,0.0,228.3495581
"410 Park Ave, New York, NY 10022",1012900037,Yes,Yes,1683.56475,665.94339,0.0,0.0,657.6287028602749
"66 E 55th St, New York, NY 10022",1012900044,Yes,No,911.25,360.45,0.0,19964.165168795364,434.94315361490806
"711 5th Ave, New York, NY, 10022",1012910001,Yes,No,2349.8,806.018744,0.0,113949.0718,1941.349606
"550 Madison Ave, New York, NY, 10022",1012910010,Yes,Yes,5193.2475,1843.569977,0.0,0.0,2190.756563
"551 Madison Ave, New York, NY, 10022",1012910021,Yes,Yes,1130.77682,401.4186105,0.0,0.0,501.4641202
"65 E 55th St, New York, NY 10022",1012910028,Yes,No,3567.726,1411.23384,0.0,133846.0842351663,1910.6595274446504
"430 Park Ave, New York, NY 10022",1012910038,No,No,1573.52625,622.41705,112966.34062335752,367863.6062233575,1995.0424463558115
"60 E 56th St, New York, NY, 10022",1012910045,Yes,Yes,477.03214,166.6537464,0.0,0.0,199.4802586
"450 Park Avenue, New York, NY, 10022",1012920037,Yes,No,2568.62608,1048.337939,0.0,137823.7001,2403.798779
"32 East 57th Street, New York, NY, 10022",1012920048,Yes,Yes,587.53338,205.6388194,0.0,0.0,155.6702444
"575 Madison Avenue, NY, NY, 10022",1012920052,Yes,Yes,3115.75855,1088.827857,0.0,0.0,1441.304515
"595 Madison Avenue, New York, NY, 10022",1012930026,Yes,No,2319.55156,828.9187435,0.0,6792.665046,1353.210657
"460 Park Ave, New York, NY 10022",1012930035,Yes,No,1715.74875,678.67395,0.0,142258.0608946314,1209.4876100545948
"600 Madison Avenue, New York, NY, 10022",1012930059,Yes,No,2477.62276,885.8791221,0.0,213027.9071,2391.362441
"745 5 Ave, New York, NY 10022",1012930069,Yes,No,3100.545,1226.4378,0.0,241466.85988836465,2127.433545852107
"500 Park Ave, New York, NY, 10022",1012940037,No,No,872.88588,381.4494787,155222.6404,130092.3387,1452.074837
"625 Madison Avenue, New York, NY, 10022",1012940046,Yes,No,3699.889718,1307.161002,0.0,38509.34059,2114.655398
"360 Lexington Avenue, New York, NY, 10017",1012950017,Yes,Yes,1812.07128,645.5430955,0.0,0.0,863.4915098
"363 LEXINGTON AVENUE, Manhattan, NY, 10017",1012950020,Yes,No,898.88946,313.2364461,0.0,42030.38396,704.451014
"355 Lexington Ave, New York, NY 10017",1012950023,Yes,No,1518.75,600.75,0.0,42597.59189992437,759.6962384325536
"622 3rd Avenue, New York, NY, 10017",1012950033,Yes,No,8247.04,2913.574288,0.0,151077.7465,4993.622936
"370 Lexington Avenue, New York, NY, 10017",1012950058,Yes,No,1859.31336,660.0444688,0.0,41328.67484,1261.477423
"125 Park Avenue, New York, NY, 10017",1012960001,Yes,Yes,4825.76619,1964.763919,0.0,0.0,3200.05135
"395 Lexington Ave, New York, NY 10174",1012970023,Yes,No,6988.32225,2764.26969,0.0,196235.02317163025,3496.489925715038
"425 Lexington Ave, New York, NY, 10017",1012980023,Yes,Yes,5198.39798,1896.939449,0.0,0.0,3037.509475
"437 Lexington Ave, New York, NY 10017",1012990022,Yes,No,655.25625,259.19025,0.0,68523.9734406975,514.8767180623041
"230 Park Ave, New York, NY, 10169",1013000001,Yes,No,9298.87105,3292.803035,0.0,583612.63746,5470.46213
"730 3 Ave, New York, NY 10017",1013000033,Yes,No,4489.4925,1775.8437,0.0,253883.0302233763,2723.168439639464
"245 Park Avenue, New York, NY, 10167",1013010001,Yes,No,13085.70212,5462.209488,0.0,29486.93248,8839.477274
"485 Lexington Avenue, New York, NY, 10017",1013010023,Yes,Yes,5658.09178,2182.524263,0.0,0.0,3182.424788
"750 3 Ave, New York, NY 10017",1013010033,Yes,Yes,5139.342,2032.89528,0.0,0.0,1959.6968912178056
"299 Park Avenue, Manhattan, NY, 10171",1013030001,Yes,Yes,7877.74998,2796.551357,0.0,0.0,4274.772148
"780 3rd Avenue, New York, NY, 10017",1013030033,Yes,No,4066.19348,1570.488848,0.0,60296.83009600002,1795.47702
"800 3rd Avenue, New York, NY, 10022",1013040033,Yes,No,4008.0044,1412.804507,0.0,277930.6827,3755.0638
"560 Lexington Avenue, New York, NY, 10022",1013050013,Yes,No,2524.5135,901.3080685,0.0,71438.43469800003,1167.869392
"830 3rd Ave, New York, NY, 10022",1013050040,Yes,Yes,1141.83604,401.1690798,0.0,0.0,460.011803
"570 Lexington Avenue, New York, NY, 10022",1013050060,Yes,No,4426.90768,1416.119359,0.0,359036.86854399997,2755.809167
"345 Park Ave, New York, NY, 10154",1013060001,No,No,13554.47483,4764.576434,192433.5158,1354716.318,14272.51034
"375 Park Avenue, New York, NY, 10022",1013070001,Yes,No,6588.8018,2644.705764,0.0,244453.5755,5285.112628
"600 Lexington Avenue, New York, NY, 10022",1013070014,Yes,Yes,2285.66977,812.3315701,0.0,0.0,1375.503888
"880 Third Ave, New York, NY, 10022",1013080033,Yes,Yes,1078.1413,382.7333342,0.0,0.0,523.3786609
"641 Lexington Avenue, New York, NY, 10022",1013090023,Yes,Yes,3258.97144,1164.015231,0.0,0.0,1621.380539
"900 3 Ave, New York, NY 10022",1013090032,Yes,No,3487.7925,1379.6157,0.0,113546.84325815082,1803.2979509632496
"110 East 55th street, new york, NY, 10022",1013090066,Yes,No,662.0598,201.1316455,0.0,453.3054119,355.7719258
"160 East 56 Street, Manhattan, NY, 10022",1013100041,Yes,Yes,557.65302,151.2401721,0.0,0.0,145.0394446
"135 E 57th St, New York, NY 10022",1013120015,Yes,No,2682.1395,1060.93518,0.0,148118.3081988993,1613.6154344735048
"145 E 57th St, New York, NY 10022",1013120024,Yes,Yes,394.5915,156.08286,0.0,0.0,151.148085759845
"150 East 58th Street, New York, NY, 10155",1013120041,Yes,No,3646.64274,1256.377966,0.0,180251.999,2785.601069
"110 East 59th Street, New York, NY, 10022",1013130005,Yes,No,4428.75642,1452.187863,0.0,190371.8421,3283.322249
"133 East 58th Street, NY, NY, 10022",1013130014,Yes,Yes,1198.4685,366.5811801,0.0,0.0,437.2905926
"200  East  42nd  St., Manhattan, NY, 10017",1013150001,Yes,No,2918.83791,1028.036898,0.0,66424.02508,1687.079499
"675 3rd Ave, New York, NY, 10017",1013160001,Yes,No,2193.31848,778.6141713,0.0,92754.03718,1575.824458
"685 Third Ave, New York, NY, 10017",1013170001,Yes,Yes,4825.91864,1698.984248,0.0,0.0,2750.634125
"815 2 Ave, New York, NY 10017",1013170021,Yes,No,930.042,367.88328,0.0,31161.27879298614,484.15670833203785
"711 Third Avenue, New York, NY, 10017",1013180001,Yes,Yes,3921.8895,1410.250452,0.0,0.0,1994.601669
"228 E 45th St, New York, NY 10017",1013180033,Yes,No,1404.351,555.49884,0.0,10153.943749026535,593.3866898098005
"733  Third  Avenue, Manhattan, NY, 10017",1013190047,Yes,No,2962.85524,1051.794848,0.0,83461.49703,2074.147567
"747 Third Avenue, New York, NY, 10017",1013200046,Yes,Yes,3163.55848,1123.043227,0.0,0.0,2070.911218
"757 3rd Avenue, New York, NY, 10017",1013210001,Yes,Yes,3090.87386,1097.240647,0.0,0.0,1291.684196
"885 Second Avenue, New York, NY, 10017",1013210022,Yes,Yes,6395.85894,2198.478103,0.0,0.0,2879.418059
"767 Third Avenue, New York, NY, 10017",1013210047,Yes,No,2140.31196,761.1917134,0.0,20558.18013,1377.762771
"777 Third Avenue, New York, NY, 10017",1013220001,Yes,No,4201.6194,1447.406568,0.0,85711.54535,2494.283106
"805 3rd Avenue, New York, NY, 10022",1013230047,Yes,Yes,4529.22434,1607.84596,0.0,0.0,2320.386157
"845 Third Avenue, New York, NY, 10022",1013250001,Yes,Yes,2674.89104,949.5693806,0.0,0.0,1364.106224
"875 Third Avenue, New York, NY, 10022",1013260001,Yes,Yes,4713.425162,1673.236085,0.0,0.0,2891.546693
"909 Third Avenue, New York, NY, 10022",1013280001,Yes,Yes,9832.8759,3586.979979,0.0,0.0,4735.987643
"919 Third Avenue, New York, NY, 10022",1013290001,Yes,Yes,23584.70543,9826.569313,0.0,0.0,7472.611644
"979 3rd Avenue, New York, NY, 10022",1013320001,Yes,No,4796.95006,1591.450486,0.0,67783.80406,2539.829259
"650 Madison Avenue, New York, NY, 10022",1013740014,Yes,Yes,4124.07,1530.49734,0.0,0.0,2382.316917
"14 East 60th Street, New York, NY, 10022",1013740060,No,No,1064.02686,374.8133665,29958.54254,130114.2224,1175.812466
"654 Madison Avenue, New York, NY, 10022",1013750016,Yes,No,1036.43614,367.9282665,0.0,16855.3826,657.5794289
"655 Madison Avenue, New York, NY, 10065",1013750021,Yes,Yes,1575.79104,553.1047627,0.0,0.0,725.6694675
"974 Madison Ave, New York, NY 10075",1013910014,Yes,Yes,1003.6521,537.41655,0.0,0.0,107.334341
"505 Park Avenue, New york, NY, 10022",1013940001,Yes,No,1671.4658,589.393622,0.0,27508.117398799972,692.0358511
"750 Lexington Avenue, New York, NY, 10022",1013940013,Yes,Yes,3012.4673,1029.488737,0.0,0.0,1632.698557
"770 Lexington Ave &131 East 60th St, New York, NY, 10065",1013950017,Yes,No,1283.1093,447.6454201,0.0,58738.25188,1164.711183
"306 East 61st Street, New York, NY, 10065",1014350044,Yes,Yes,614.91234,218.2899868,0.0,0.0,219.411431
"132 E 126th St, New York, NY 10035",1017740056,Yes,No,397.899,157.39116,0.0,13254.427559794218,206.8479792529635
"2322 3 Ave, New York, NY 10035",1017750033,Yes,No,836.22375,330.77295,0.0,56268.89901913968,540.7315284296257
"2880 Broadway, New York, NY 10025",1018840001,Yes,No,398.3715,157.57806,0.0,2345.2724892640717,166.32907675098534
"461 West 126 St, New York, NY, 10027",1019670045,Yes,Yes,1162.80232,412.7874602,0.0,0.0,175.3942254
"3280 Broadway, New York, NY, 10027",1019860065,Yes,No,2154.24209,617.9061281,0.0,98031.21723199998,983.6942521
"615 W 131st St, New York, NY 10027",1019980017,Yes,No,1652.4,653.616,0.0,222684.05254558977,1484.5266438268277
"3940,3960 Broadway, New York, NY, 10032",1021240043,No,No,2194.29035,2269.456837,415971.3693,395826.750784,3746.422325
"4124 9th Avenue, New York, NY, 10034",1022150824,,,155.79,51.48197104,0.0,0.0,68.43074307
